-- Add up migration script here

INSERT INTO categories (id, name, created_at, updated_at) VALUES (1, 'portfolio', '2023-08-11 04:09:13.889935 +00:00', '2023-08-11 04:09:13.889935 +00:00');
INSERT INTO categories (id, name, created_at, updated_at) VALUES (2, 'diptych', '2023-08-11 04:09:13.951546 +00:00', '2023-08-11 04:09:13.951546 +00:00');
INSERT INTO categories (id, name, created_at, updated_at) VALUES (3, 'fauna', '2023-08-11 04:09:13.967910 +00:00', '2023-08-11 04:09:13.967910 +00:00');
INSERT INTO categories (id, name, created_at, updated_at) VALUES (4, 'flora', '2023-08-11 04:09:13.982286 +00:00', '2023-08-11 04:09:13.982286 +00:00');
INSERT INTO categories (id, name, created_at, updated_at) VALUES (5, 'landscape', '2023-08-11 04:09:13.998466 +00:00', '2023-08-11 04:09:13.998466 +00:00');
INSERT INTO categories (id, name, created_at, updated_at) VALUES (6, 'live!', '2023-08-11 04:09:14.011957 +00:00', '2023-08-11 04:09:14.011957 +00:00');
INSERT INTO categories (id, name, created_at, updated_at) VALUES (7, 'mode de vie', '2023-08-11 04:09:14.025092 +00:00', '2023-08-11 04:09:14.025092 +00:00');
INSERT INTO categories (id, name, created_at, updated_at) VALUES (8, 'oiseaux', '2023-08-11 04:09:14.039326 +00:00', '2023-08-11 04:09:14.039326 +00:00');



INSERT INTO photos (id, title, filename, location_taken, date_taken, created_at, updated_at) VALUES (1, 'narrows - diptych', 'diptych.jpg', 'The Narrows, Zion National Park, Utah', '2014-03-12', '2023-08-11 04:09:42.101989 +00:00', '2023-08-11 04:09:42.101989 +00:00');
INSERT INTO photos (id, title, filename, location_taken, date_taken, created_at, updated_at) VALUES (2, 'narrows - diptych', 'diptych2.jpg', 'The Narrows Zion National Park, Utah', '2014-03-12', '2023-08-11 04:09:42.205701 +00:00', '2023-08-11 04:09:42.205701 +00:00');
INSERT INTO photos (id, title, filename, location_taken, date_taken, created_at, updated_at) VALUES (3, 'moose in brush', 'camoflauge.jpg', 'Grand Teton National Park, Wyoming', '2010-07-10', '2023-08-11 04:09:42.219348 +00:00', '2023-08-11 04:09:42.219348 +00:00');
INSERT INTO photos (id, title, filename, location_taken, date_taken, created_at, updated_at) VALUES (4, 'seal on the rocks', 'seal.jpg', 'La Jolla, California', '2010-12-23', '2023-08-11 04:09:42.232309 +00:00', '2023-08-11 04:09:42.232309 +00:00');
INSERT INTO photos (id, title, filename, location_taken, date_taken, created_at, updated_at) VALUES (5, 'mountaineering big horn', 'mountaineering.jpg', 'Mammoth Hot Springs, Yellowstone, Wyoming', '2012-07-12', '2023-08-11 04:09:42.245145 +00:00', '2023-08-11 04:09:42.245145 +00:00');
INSERT INTO photos (id, title, filename, location_taken, date_taken, created_at, updated_at) VALUES (6, 'baby bighorn', 'baby_bighorn.jpg', 'Mammoth Hot Springs, Yellowstone, Wyoming', '2012-07-12', '2023-08-11 04:09:42.257710 +00:00', '2023-08-11 04:09:42.257710 +00:00');
INSERT INTO photos (id, title, filename, location_taken, date_taken, created_at, updated_at) VALUES (7, 'river otter', 'river_otter.jpg', 'Snake River, Jackson, Wyoming', '2012-07-14', '2023-08-11 04:09:42.269875 +00:00', '2023-08-11 04:09:42.269875 +00:00');
INSERT INTO photos (id, title, filename, location_taken, date_taken, created_at, updated_at) VALUES (8, 'deer in headlights', 'deer_in_headlights.jpg', 'Sunset Trail near Queen''s Garden, Bryce Canyon National Park, Utah', '2014-03-14', '2023-08-11 04:09:42.281455 +00:00', '2023-08-11 04:09:42.281455 +00:00');
INSERT INTO photos (id, title, filename, location_taken, date_taken, created_at, updated_at) VALUES (9, 'rise', 'big_horn_sheep_2.jpg', 'Jackson, Wyoming', '2014-03-08', '2023-08-11 04:09:42.292469 +00:00', '2023-08-11 04:09:42.292469 +00:00');
INSERT INTO photos (id, title, filename, location_taken, date_taken, created_at, updated_at) VALUES (10, 'friends', 'friends.jpg', 'Flat Creek, Jackson, Wyoming', '2013-07-12', '2023-08-11 04:09:42.304734 +00:00', '2023-08-11 04:09:42.304734 +00:00');
INSERT INTO photos (id, title, filename, location_taken, date_taken, created_at, updated_at) VALUES (11, 'buffalo family', 'buffalo_family.jpg', 'Yellowstone National Park, Wyoming', '2013-07-06', '2023-08-11 04:09:42.316243 +00:00', '2023-08-11 04:09:42.316243 +00:00');
INSERT INTO photos (id, title, filename, location_taken, date_taken, created_at, updated_at) VALUES (12, 'american buffalo', 'american_buffalo.jpg', 'Yellowstone National Park, Wyoming', '2013-07-06', '2023-08-11 04:09:42.329319 +00:00', '2023-08-11 04:09:42.329319 +00:00');
INSERT INTO photos (id, title, filename, location_taken, date_taken, created_at, updated_at) VALUES (13, 'river otter family', 'river_otter_family.jpg', 'Snake River, Jackson, Wyoming', '2012-07-14', '2023-08-11 04:09:42.341483 +00:00', '2023-08-11 04:09:42.341483 +00:00');
INSERT INTO photos (id, title, filename, location_taken, date_taken, created_at, updated_at) VALUES (14, 'poppy', 'poppy.jpg', 'New Orleans Botanical Garden, Louisiana', '2018-04-15', '2023-08-11 04:09:42.354471 +00:00', '2023-08-11 04:09:42.354471 +00:00');
INSERT INTO photos (id, title, filename, location_taken, date_taken, created_at, updated_at) VALUES (15, 'new orleans botanical gardens water feature', 'fountain.jpg', 'New Orleans Botanical Garden, Louisiana', '2018-04-15', '2023-08-11 04:09:42.367100 +00:00', '2023-08-11 04:09:42.367100 +00:00');
INSERT INTO photos (id, title, filename, location_taken, date_taken, created_at, updated_at) VALUES (16, 'jardin', 'jardin.jpg', 'New Orleans Botanical Garden, Louisiana', '2018-04-15', '2023-08-11 04:09:42.378974 +00:00', '2023-08-11 04:09:42.378974 +00:00');
INSERT INTO photos (id, title, filename, location_taken, date_taken, created_at, updated_at) VALUES (17, 'solitary western monk''s hood', 'western_monk_s_hood.jpg', 'Laurance S Rockefeller Preserve, Grand Teton National Park, Wyoming', '2009-08-24', '2023-08-11 04:09:42.391921 +00:00', '2023-08-11 04:09:42.391921 +00:00');
INSERT INTO photos (id, title, filename, location_taken, date_taken, created_at, updated_at) VALUES (18, 'frozen dew', 'icicle.jpg', 'Goose Creek, Lansdowne, Virginia', '2009-01-14', '2023-08-11 04:09:42.403124 +00:00', '2023-08-11 04:09:42.403124 +00:00');
INSERT INTO photos (id, title, filename, location_taken, date_taken, created_at, updated_at) VALUES (19, 'a world on the pedal of a flower', 'the_world_on_the_pedal_of_a_flower.jpg', 'Laurance S Rockefeller Preserve, Grand Teton National Park, Wyoming', '2008-08-08', '2023-08-11 04:09:42.415459 +00:00', '2023-08-11 04:09:42.415459 +00:00');
INSERT INTO photos (id, title, filename, location_taken, date_taken, created_at, updated_at) VALUES (20, 'solitude', 'solitude.jpg', 'Jackson, Wyoming', '2008-08-03', '2023-08-11 04:09:42.427830 +00:00', '2023-08-11 04:09:42.427830 +00:00');
INSERT INTO photos (id, title, filename, location_taken, date_taken, created_at, updated_at) VALUES (21, 'sunset', 'sunset_2.jpg', 'Moonlight Beach, California', '2008-12-23', '2023-08-11 04:09:42.440166 +00:00', '2023-08-11 04:09:42.440166 +00:00');
INSERT INTO photos (id, title, filename, location_taken, date_taken, created_at, updated_at) VALUES (22, 'coastal', 'coastal.jpg', 'La Jolla, California', '2008-12-21', '2023-08-11 04:09:42.452113 +00:00', '2023-08-11 04:09:42.452113 +00:00');
INSERT INTO photos (id, title, filename, location_taken, date_taken, created_at, updated_at) VALUES (23, 'potomac River at Sunrise', 'potomac_river.jpg', 'Potomac River, Lansdowne, Virginia', '2008-10-04', '2023-08-11 04:09:42.464924 +00:00', '2023-08-11 04:09:42.464924 +00:00');
INSERT INTO photos (id, title, filename, location_taken, date_taken, created_at, updated_at) VALUES (24, 'd''or', 'd_or.jpg', 'Potomac River, Lansdowne, Virginia', '2008-10-04', '2023-08-11 04:09:42.477922 +00:00', '2023-08-11 04:09:42.477922 +00:00');
INSERT INTO photos (id, title, filename, location_taken, date_taken, created_at, updated_at) VALUES (25, 'foggy morning spider''s web', 'web.jpg', 'Lansdowne, Virginia', '2008-09-30', '2023-08-11 04:09:42.491212 +00:00', '2023-08-11 04:09:42.491212 +00:00');
INSERT INTO photos (id, title, filename, location_taken, date_taken, created_at, updated_at) VALUES (26, 'geothermal', 'geothermal.jpg', 'Yellowstone National Park, Wyoming', '2008-08-18', '2023-08-11 04:09:42.503822 +00:00', '2023-08-11 04:09:42.503822 +00:00');
INSERT INTO photos (id, title, filename, location_taken, date_taken, created_at, updated_at) VALUES (27, 'inspiration point', 'inspiration_point.jpg', 'Cascade Canyon, Grand Teton National Park, Wyoming', '2008-08-11', '2023-08-11 04:09:42.515136 +00:00', '2023-08-11 04:09:42.515136 +00:00');
INSERT INTO photos (id, title, filename, location_taken, date_taken, created_at, updated_at) VALUES (28, 'pastel', 'pastel.jpg', 'Moose Wilson Road Overlook, Grand Teton National Park, Wyoming', '2008-08-02', '2023-08-11 04:09:42.528675 +00:00', '2023-08-11 04:09:42.528675 +00:00');
INSERT INTO photos (id, title, filename, location_taken, date_taken, created_at, updated_at) VALUES (29, 'goose creek', 'goose_creek.jpg', 'Goose Creek, Lansdowne, Virginia', '2009-01-14', '2023-08-11 04:09:42.542438 +00:00', '2023-08-11 04:09:42.542438 +00:00');
INSERT INTO photos (id, title, filename, location_taken, date_taken, created_at, updated_at) VALUES (30, 'setting sun', 'sebego.jpg', 'Sebego Lake, Maine', '2009-08-08', '2023-08-11 04:09:42.554587 +00:00', '2023-08-11 04:09:42.554587 +00:00');
INSERT INTO photos (id, title, filename, location_taken, date_taken, created_at, updated_at) VALUES (31, 'crash:tide', 'crash-tide.jpg', 'La Jolla, California', '2010-12-23', '2023-08-11 04:09:42.567001 +00:00', '2023-08-11 04:09:42.567001 +00:00');
INSERT INTO photos (id, title, filename, location_taken, date_taken, created_at, updated_at) VALUES (32, 'nola skyline', 'nola.jpg', 'New Orleans, Louisiana', '2018-04-13', '2023-08-11 04:09:42.579025 +00:00', '2023-08-11 04:09:42.579025 +00:00');
INSERT INTO photos (id, title, filename, location_taken, date_taken, created_at, updated_at) VALUES (33, 'total eclipse of the sun', 'totality.jpg', 'Deer Creek Heights, Wyoming', '2017-08-21', '2023-08-11 04:09:42.591567 +00:00', '2023-08-11 04:09:42.591567 +00:00');
INSERT INTO photos (id, title, filename, location_taken, date_taken, created_at, updated_at) VALUES (34, 'artist''s point', 'artist_s_point.jpg', 'Yellowstone National Park, Wyoming', '2016-07-06', '2023-08-11 04:09:42.604289 +00:00', '2023-08-11 04:09:42.604289 +00:00');
INSERT INTO photos (id, title, filename, location_taken, date_taken, created_at, updated_at) VALUES (35, 'sister and the grand tetons', 'grand_and_d.jpg', 'Jackson, Wyoming', '2015-12-28', '2023-08-11 04:09:42.616859 +00:00', '2023-08-11 04:09:42.616859 +00:00');
INSERT INTO photos (id, title, filename, location_taken, date_taken, created_at, updated_at) VALUES (36, 'moose and tetons', 'america_moose.jpg', 'Jackson, Wyoming', '2015-12-28', '2023-08-11 04:09:42.629580 +00:00', '2023-08-11 04:09:42.629580 +00:00');
INSERT INTO photos (id, title, filename, location_taken, date_taken, created_at, updated_at) VALUES (37, 'mjolnir', 'thor_s_hammer.jpg', 'Sunset Trail near Queen''s Garden, Bryce Canyon National Park, Utah', '2014-03-14', '2023-08-11 04:09:42.642756 +00:00', '2023-08-11 04:09:42.642756 +00:00');
INSERT INTO photos (id, title, filename, location_taken, date_taken, created_at, updated_at) VALUES (38, 'between sun & moon', 'between_sun_&_moon.jpg', 'Sunset Trail near Queen''s Garden, Bryce Canyon National Park, Utah', '2014-03-13', '2023-08-11 04:09:42.655057 +00:00', '2023-08-11 04:09:42.655057 +00:00');
INSERT INTO photos (id, title, filename, location_taken, date_taken, created_at, updated_at) VALUES (39, 'hoodoos', 'hoodoos_2.jpg', 'Sunrise Point, Bryce Canyon National Park, Utah', '2014-03-13', '2023-08-11 04:09:42.670412 +00:00', '2023-08-11 04:09:42.670412 +00:00');
INSERT INTO photos (id, title, filename, location_taken, date_taken, created_at, updated_at) VALUES (40, 'hoodoos', 'bryce.jpg', 'Sunrise Point, Bryce Canyon National Park, Utah', '2014-03-13', '2023-08-11 04:09:42.684843 +00:00', '2023-08-11 04:09:42.684843 +00:00');
INSERT INTO photos (id, title, filename, location_taken, date_taken, created_at, updated_at) VALUES (41, 'ravine', 'ravine.jpg', 'Sand Dune Arch, Arches National Park, Utah', '2014-03-13', '2023-08-11 04:09:42.699979 +00:00', '2023-08-11 04:09:42.699979 +00:00');
INSERT INTO photos (id, title, filename, location_taken, date_taken, created_at, updated_at) VALUES (42, 'tower of babel', 'tower_of_babel.jpg', 'Courthouse Towers Viewpoint, Arches National Park, Utah', '2014-03-13', '2023-08-11 04:09:42.713695 +00:00', '2023-08-11 04:09:42.713695 +00:00');
INSERT INTO photos (id, title, filename, location_taken, date_taken, created_at, updated_at) VALUES (43, 'parade of elephants', 'parade_of_elephants.jpg', 'Arches National Park, Utah', '2014-03-13', '2023-08-11 04:09:42.727650 +00:00', '2023-08-11 04:09:42.727650 +00:00');
INSERT INTO photos (id, title, filename, location_taken, date_taken, created_at, updated_at) VALUES (44, 'tunnel', 'tunnel_2.jpg', 'The Narrows, Zion National Park, Utah', '2014-03-12', '2023-08-11 04:09:42.740830 +00:00', '2023-08-11 04:09:42.740830 +00:00');
INSERT INTO photos (id, title, filename, location_taken, date_taken, created_at, updated_at) VALUES (45, 'subterranean', 'subteranean.jpg', 'The Narrows, Zion National Park, Utah', '2014-03-12', '2023-08-11 04:09:42.753957 +00:00', '2023-08-11 04:09:42.753957 +00:00');
INSERT INTO photos (id, title, filename, location_taken, date_taken, created_at, updated_at) VALUES (46, 'starlit sinawava temple', 'starlit_sinawava_temple.jpg', 'The Narrows, Zion National Park, Utah', '2014-03-12', '2023-08-11 04:09:42.767506 +00:00', '2023-08-11 04:09:42.767506 +00:00');
INSERT INTO photos (id, title, filename, location_taken, date_taken, created_at, updated_at) VALUES (47, 'river & rock', 'river_&_rock.jpg', 'The Narrows, Zion National Park, Utah', '2014-03-12', '2023-08-11 04:09:42.781411 +00:00', '2023-08-11 04:09:42.781411 +00:00');
INSERT INTO photos (id, title, filename, location_taken, date_taken, created_at, updated_at) VALUES (48, 'river', 'rver.jpg', 'The Narrows, Zion National Park, Utah', '2014-03-12', '2023-08-11 04:09:42.795078 +00:00', '2023-08-11 04:09:42.795078 +00:00');
INSERT INTO photos (id, title, filename, location_taken, date_taken, created_at, updated_at) VALUES (49, 'oxbow bend', 'oxbow_bend.jpg', 'Oxbow Bend, Grand Teton National Park, Wyoming', '2013-07-06', '2023-08-11 04:09:42.807140 +00:00', '2023-08-11 04:09:42.807140 +00:00');
INSERT INTO photos (id, title, filename, location_taken, date_taken, created_at, updated_at) VALUES (50, 'on jackson lake', 'jackson_lake.jpg', 'Jackson Lake, Grand Teton National Park, Wyoming', '2013-07-02', '2023-08-11 04:09:42.819391 +00:00', '2023-08-11 04:09:42.819391 +00:00');
INSERT INTO photos (id, title, filename, location_taken, date_taken, created_at, updated_at) VALUES (51, 'ground at mammoth', 'edge_of_earth.jpg', 'Mammoth Hot Springs, Yellowstone, Wyoming', '2012-07-12', '2023-08-11 04:09:42.831277 +00:00', '2023-08-11 04:09:42.831277 +00:00');
INSERT INTO photos (id, title, filename, location_taken, date_taken, created_at, updated_at) VALUES (52, 'cry lightning, the delicate sound of thunder', 'cry_lightning_2.jpg', 'Lansdowne, Virginia', '2010-05-27', '2023-08-11 04:09:42.843504 +00:00', '2023-08-11 04:09:42.843504 +00:00');
INSERT INTO photos (id, title, filename, location_taken, date_taken, created_at, updated_at) VALUES (53, 'burke of the concussion theory', 'burke.jpg', 'Richmond, Virginia', '2014-10-16', '2023-08-11 04:09:42.854938 +00:00', '2023-08-11 04:09:42.854938 +00:00');
INSERT INTO photos (id, title, filename, location_taken, date_taken, created_at, updated_at) VALUES (54, 'the concussion theory', 'concert_3.jpg', 'Richmond, Virginia', '2014-05-03', '2023-08-11 04:09:42.866816 +00:00', '2023-08-11 04:09:42.866816 +00:00');
INSERT INTO photos (id, title, filename, location_taken, date_taken, created_at, updated_at) VALUES (55, 'the concussion theory', 'concert_2.jpg', 'Richmond, Virginia', '2014-05-03', '2023-08-11 04:09:42.879349 +00:00', '2023-08-11 04:09:42.879349 +00:00');
INSERT INTO photos (id, title, filename, location_taken, date_taken, created_at, updated_at) VALUES (56, 'the concussion theory', 'concert_1.jpg', 'Richmond, Virginia', '2014-05-03', '2023-08-11 04:09:42.891978 +00:00', '2023-08-11 04:09:42.891978 +00:00');
INSERT INTO photos (id, title, filename, location_taken, date_taken, created_at, updated_at) VALUES (57, 'nate of the concussion theory', 'nate_tct.jpg', 'Richmond, Virginia', '2014-03-21', '2023-08-11 04:09:42.905140 +00:00', '2023-08-11 04:09:42.905140 +00:00');
INSERT INTO photos (id, title, filename, location_taken, date_taken, created_at, updated_at) VALUES (58, 'nate of the concussion theory', 'nate.jpg', 'Richmond, Virginia', '2014-03-21', '2023-08-11 04:09:42.917905 +00:00', '2023-08-11 04:09:42.917905 +00:00');
INSERT INTO photos (id, title, filename, location_taken, date_taken, created_at, updated_at) VALUES (59, 'the concussion theory', 'tct.jpg', 'Richmond, Virginia', '2014-03-02', '2023-08-11 04:09:42.930446 +00:00', '2023-08-11 04:09:42.930446 +00:00');
INSERT INTO photos (id, title, filename, location_taken, date_taken, created_at, updated_at) VALUES (60, 'concrete', 'concrete.jpg', 'Lansdowne, Virginia', '2008-12-05', '2023-08-11 04:09:42.942167 +00:00', '2023-08-11 04:09:42.942167 +00:00');
INSERT INTO photos (id, title, filename, location_taken, date_taken, created_at, updated_at) VALUES (61, 'zen', 'zen.jpg', 'New Orleans Botanical Garden, Louisiana', '2018-04-15', '2023-08-11 04:09:42.954946 +00:00', '2023-08-11 04:09:42.954946 +00:00');
INSERT INTO photos (id, title, filename, location_taken, date_taken, created_at, updated_at) VALUES (62, 'sawyer and kirsten', 'couple.jpg', 'New Orleans Botanical Garden, Louisiana', '2018-04-15', '2023-08-11 04:09:42.967571 +00:00', '2023-08-11 04:09:42.967571 +00:00');
INSERT INTO photos (id, title, filename, location_taken, date_taken, created_at, updated_at) VALUES (63, 'so grey, so blue', 'so_grey,_so_blue.jpg', 'Ashburn, Virginia', '2010-05-30', '2023-08-11 04:09:42.979908 +00:00', '2023-08-11 04:09:42.979908 +00:00');
INSERT INTO photos (id, title, filename, location_taken, date_taken, created_at, updated_at) VALUES (64, 'light trails', 'moonrise,_thoughtful_eyese.jpg', 'Lansdowne, Virginia', '2008-12-01', '2023-08-11 04:09:42.992831 +00:00', '2023-08-11 04:09:42.992831 +00:00');
INSERT INTO photos (id, title, filename, location_taken, date_taken, created_at, updated_at) VALUES (65, 'circlet', 'circlet.jpg', 'deer creek heights, wyoming', '2017-08-21', '2023-08-11 04:09:43.006050 +00:00', '2023-08-11 04:09:43.006050 +00:00');
INSERT INTO photos (id, title, filename, location_taken, date_taken, created_at, updated_at) VALUES (66, 'precursor to a decade', '79.jpg', 'Leesburg, Virginia', '2016-08-11', '2023-08-11 04:09:43.018819 +00:00', '2023-08-11 04:09:43.018819 +00:00');
INSERT INTO photos (id, title, filename, location_taken, date_taken, created_at, updated_at) VALUES (67, 'bmw', 'bmw.jpg', 'Ashburn, Virginia', '2016-08-11', '2023-08-11 04:09:43.030558 +00:00', '2023-08-11 04:09:43.030558 +00:00');
INSERT INTO photos (id, title, filename, location_taken, date_taken, created_at, updated_at) VALUES (68, 'megan', 'megan_4.jpg', 'Studio', '2015-07-21', '2023-08-11 04:09:43.043367 +00:00', '2023-08-11 04:09:43.043367 +00:00');
INSERT INTO photos (id, title, filename, location_taken, date_taken, created_at, updated_at) VALUES (69, 'the concussion theory', 'the_concussion_theory_10.jpg', 'Richmond, Virginia', '2014-05-02', '2023-08-11 04:09:43.063827 +00:00', '2023-08-11 04:09:43.063827 +00:00');
INSERT INTO photos (id, title, filename, location_taken, date_taken, created_at, updated_at) VALUES (70, 'time traveller', 'time_traveller.jpg', 'Ashburn, Virginia', '2013-06-08', '2023-08-11 04:09:43.078868 +00:00', '2023-08-11 04:09:43.078868 +00:00');
INSERT INTO photos (id, title, filename, location_taken, date_taken, created_at, updated_at) VALUES (71, 'american dream', 'american_dream_1.jpg', 'Ashburn, Virginia', '2013-06-08', '2023-08-11 04:09:43.092410 +00:00', '2023-08-11 04:09:43.092410 +00:00');
INSERT INTO photos (id, title, filename, location_taken, date_taken, created_at, updated_at) VALUES (72, 'longboarding', 'longboarding_2.jpg', 'Belmont Country Club, Ashburn, Virginia', '2013-05-29', '2023-08-11 04:09:43.105701 +00:00', '2023-08-11 04:09:43.105701 +00:00');
INSERT INTO photos (id, title, filename, location_taken, date_taken, created_at, updated_at) VALUES (73, 'zach hottle wallride', 'wallride.jpg', 'Ashburn, Virginia', '2013-04-13', '2023-08-11 04:09:43.118953 +00:00', '2023-08-11 04:09:43.118953 +00:00');
INSERT INTO photos (id, title, filename, location_taken, date_taken, created_at, updated_at) VALUES (74, 'richmond skyline', 'richmond_skyline.jpg', 'Richmond, Virginia', '2012-12-11', '2023-08-11 04:09:43.131259 +00:00', '2023-08-11 04:09:43.131259 +00:00');
INSERT INTO photos (id, title, filename, location_taken, date_taken, created_at, updated_at) VALUES (75, 'contrast', 'contrast.jpg', 'Ashburn, Virginia', '2012-04-28', '2023-08-11 04:09:43.143765 +00:00', '2023-08-11 04:09:43.143765 +00:00');
INSERT INTO photos (id, title, filename, location_taken, date_taken, created_at, updated_at) VALUES (76, 'cascading drops of coloured water', 'concept.jpg', 'Studio', '2012-02-16', '2023-08-11 04:09:43.155907 +00:00', '2023-08-11 04:09:43.155907 +00:00');
INSERT INTO photos (id, title, filename, location_taken, date_taken, created_at, updated_at) VALUES (77, 'with nothing to offer except confusion…', 'drink.jpg', 'Studio', '2012-01-05', '2023-08-11 04:09:43.168543 +00:00', '2023-08-11 04:09:43.168543 +00:00');
INSERT INTO photos (id, title, filename, location_taken, date_taken, created_at, updated_at) VALUES (78, 'roads less traveled', 'roads_less_traveled.jpg', 'Ashburn, Virginia', '2011-12-03', '2023-08-11 04:09:43.181567 +00:00', '2023-08-11 04:09:43.181567 +00:00');
INSERT INTO photos (id, title, filename, location_taken, date_taken, created_at, updated_at) VALUES (79, 'elevator', 'elevator.jpg', 'Minneapolis, Mn', '2011-11-18', '2023-08-11 04:09:43.194451 +00:00', '2023-08-11 04:09:43.194451 +00:00');
INSERT INTO photos (id, title, filename, location_taken, date_taken, created_at, updated_at) VALUES (80, 'music to my ears', 'music_to_my_ears_5.jpg', 'Ashburn, Virginia', '2011-08-16', '2023-08-11 04:09:43.207112 +00:00', '2023-08-11 04:09:43.207112 +00:00');
INSERT INTO photos (id, title, filename, location_taken, date_taken, created_at, updated_at) VALUES (81, 'bad news', 'bad_news.jpg', 'Ashburn, Virginia', '2011-05-13', '2023-08-11 04:09:43.219968 +00:00', '2023-08-11 04:09:43.219968 +00:00');
INSERT INTO photos (id, title, filename, location_taken, date_taken, created_at, updated_at) VALUES (82, 'self realization center gardens', 'self_realization.jpg', 'Self-Realization Fellowship Hermitage, Encinitas, California', '2010-12-26', '2023-08-11 04:09:43.233004 +00:00', '2023-08-11 04:09:43.233004 +00:00');
INSERT INTO photos (id, title, filename, location_taken, date_taken, created_at, updated_at) VALUES (83, 'stage', 'old_town_3.jpg', 'Old Town San Diego, California', '2010-12-24', '2023-08-11 04:09:43.246738 +00:00', '2023-08-11 04:09:43.246738 +00:00');
INSERT INTO photos (id, title, filename, location_taken, date_taken, created_at, updated_at) VALUES (84, 'old town', 'old_town.jpg', 'Old Town San Diego, California', '2010-12-24', '2023-08-11 04:09:43.259201 +00:00', '2023-08-11 04:09:43.259201 +00:00');
INSERT INTO photos (id, title, filename, location_taken, date_taken, created_at, updated_at) VALUES (85, 'mission', 'mission.jpg', 'Old Town San Diego, California', '2010-12-24', '2023-08-11 04:09:43.271181 +00:00', '2023-08-11 04:09:43.271181 +00:00');
INSERT INTO photos (id, title, filename, location_taken, date_taken, created_at, updated_at) VALUES (86, 'nightlife', 'nightlife.jpg', 'Ashburn, Virginia', '2010-11-04', '2023-08-11 04:09:43.283288 +00:00', '2023-08-11 04:09:43.283288 +00:00');
INSERT INTO photos (id, title, filename, location_taken, date_taken, created_at, updated_at) VALUES (87, 'nobody''s hero', 'nobody_s_hero_2.jpg', 'Lansdowne, Virginia', '2010-10-10', '2023-08-11 04:09:43.294590 +00:00', '2023-08-11 04:09:43.294590 +00:00');
INSERT INTO photos (id, title, filename, location_taken, date_taken, created_at, updated_at) VALUES (88, 'apple valley farms', 'koi.jpg', 'Lyons, Colorado', '2010-06-30', '2023-08-11 04:09:43.306391 +00:00', '2023-08-11 04:09:43.306391 +00:00');
INSERT INTO photos (id, title, filename, location_taken, date_taken, created_at, updated_at) VALUES (89, 'apple valley farms', 'under.jpg', 'Lyons, Colorado', '2010-06-27', '2023-08-11 04:09:43.318210 +00:00', '2023-08-11 04:09:43.318210 +00:00');
INSERT INTO photos (id, title, filename, location_taken, date_taken, created_at, updated_at) VALUES (90, 'late for work ', 'commute.jpg', 'Ashburn, Virginia', '2010-06-04', '2023-08-11 04:09:43.330230 +00:00', '2023-08-11 04:09:43.330230 +00:00');
INSERT INTO photos (id, title, filename, location_taken, date_taken, created_at, updated_at) VALUES (91, 'just another day at the office', 'just_another_day_at_the_office_6.jpg', 'Ashburn, Virginia', '2010-06-04', '2023-08-11 04:09:43.342097 +00:00', '2023-08-11 04:09:43.342097 +00:00');
INSERT INTO photos (id, title, filename, location_taken, date_taken, created_at, updated_at) VALUES (92, 'megan', 'megan_1.jpg', 'Studio', '2017-12-01', '2023-08-11 04:09:43.354793 +00:00', '2023-08-11 04:09:43.354793 +00:00');
INSERT INTO photos (id, title, filename, location_taken, date_taken, created_at, updated_at) VALUES (93, 'just another day at the office', 'just_another_day_at_the_office_2.jpg', 'Ashburn, Virginia', '2010-06-04', '2023-08-11 04:09:43.367718 +00:00', '2023-08-11 04:09:43.367718 +00:00');
INSERT INTO photos (id, title, filename, location_taken, date_taken, created_at, updated_at) VALUES (94, 'digital sage', 'digital_sage.jpg', 'New Orleans, Louisiana', '2018-04-13', '2023-08-11 04:09:43.379918 +00:00', '2023-08-11 04:09:43.379918 +00:00');
INSERT INTO photos (id, title, filename, location_taken, date_taken, created_at, updated_at) VALUES (95, 'succulents', 'kris.jpg', 'New Orleans Botanical Garden, Louisiana', '2018-04-15', '2023-08-11 04:09:43.392936 +00:00', '2023-08-11 04:09:43.392936 +00:00');
INSERT INTO photos (id, title, filename, location_taken, date_taken, created_at, updated_at) VALUES (96, 'takeoff', 'takeoff.jpg', 'Jackson, Wyoming', '2014-03-09', '2023-08-11 04:09:43.405021 +00:00', '2023-08-11 04:09:43.405021 +00:00');
INSERT INTO photos (id, title, filename, location_taken, date_taken, created_at, updated_at) VALUES (97, 'racing reflections', 'racing_reflections.jpg', 'Flat Creek, Jackson, Wyoming', '2013-07-12', '2023-08-11 04:09:43.419230 +00:00', '2023-08-11 04:09:43.419230 +00:00');
INSERT INTO photos (id, title, filename, location_taken, date_taken, created_at, updated_at) VALUES (98, 'friends', 'friends.jpg', 'Flat Creek, Jackson, Wyoming', '2013-07-12', '2023-08-11 04:09:43.431710 +00:00', '2023-08-11 04:09:43.431710 +00:00');
INSERT INTO photos (id, title, filename, location_taken, date_taken, created_at, updated_at) VALUES (99, 'canary in a charcoal mine', 'canary_in_a_charcoal_mine.jpg', 'Jackson Lake, Grand Teton National Park, Wyoming', '2013-07-11', '2023-08-11 04:09:43.444561 +00:00', '2023-08-11 04:09:43.444561 +00:00');
INSERT INTO photos (id, title, filename, location_taken, date_taken, created_at, updated_at) VALUES (100, 'nest egg', 'nest_egg.jpg', 'Teton Village, Wyoming', '2012-07-11', '2023-08-11 04:09:43.457786 +00:00', '2023-08-11 04:09:43.457786 +00:00');
INSERT INTO photos (id, title, filename, location_taken, date_taken, created_at, updated_at) VALUES (101, 'a home with a view', 'a_home_with_a_view.jpg', 'Teton Village, Wyoming', '2012-07-10', '2023-08-11 04:09:43.470694 +00:00', '2023-08-11 04:09:43.470694 +00:00');
INSERT INTO photos (id, title, filename, location_taken, date_taken, created_at, updated_at) VALUES (102, 'cooling off', 'swim.jpg', 'Jackson Lake, Grand Teton National Park, Wyoming', '2011-07-24', '2023-08-11 04:09:43.483203 +00:00', '2023-08-11 04:09:43.483203 +00:00');
INSERT INTO photos (id, title, filename, location_taken, date_taken, created_at, updated_at) VALUES (103, 'warbler', 'warbler_2.jpg', 'Lansdowne, Virginia', '2011-03-08', '2023-08-11 04:09:43.495799 +00:00', '2023-08-11 04:09:43.495799 +00:00');
INSERT INTO photos (id, title, filename, location_taken, date_taken, created_at, updated_at) VALUES (104, 'jonathan livingston seagull', 'jonathan_livingston_seagull.jpg', 'Coronado Island, California', '2010-12-28', '2023-08-11 04:09:43.507365 +00:00', '2023-08-11 04:09:43.507365 +00:00');
INSERT INTO photos (id, title, filename, location_taken, date_taken, created_at, updated_at) VALUES (105, 'hummingbird', 'hummingbird.jpg', 'Aviara Trail, San Diego, California', '2010-12-26', '2023-08-11 04:09:43.520192 +00:00', '2023-08-11 04:09:43.520192 +00:00');
INSERT INTO photos (id, title, filename, location_taken, date_taken, created_at, updated_at) VALUES (106, 'landing', 'landing_2.jpg', 'La Jolla, California', '2010-12-23', '2023-08-11 04:09:43.533232 +00:00', '2023-08-11 04:09:43.533232 +00:00');
INSERT INTO photos (id, title, filename, location_taken, date_taken, created_at, updated_at) VALUES (107, 'icarus', 'icarus.jpg', 'La Jolla, California', '2010-12-21', '2023-08-11 04:09:43.546467 +00:00', '2023-08-11 04:09:43.546467 +00:00');
INSERT INTO photos (id, title, filename, location_taken, date_taken, created_at, updated_at) VALUES (108, 'great blue heron on ice covered pond', 'the_thin_ice.jpg', 'Lansdowne Golf Course, Lansdowne, Virginia', '2009-01-25', '2023-08-11 04:09:43.558813 +00:00', '2023-08-11 04:09:43.558813 +00:00');
INSERT INTO photos (id, title, filename, location_taken, date_taken, created_at, updated_at) VALUES (109, 'perch', 'perch_1_2.jpg', 'Lansdowne, Virginia', '2009-01-19', '2023-08-11 04:09:43.571174 +00:00', '2023-08-11 04:09:43.571174 +00:00');
INSERT INTO photos (id, title, filename, location_taken, date_taken, created_at, updated_at) VALUES (110, 'insight', 'insight.jpg', 'La Jolla, California', '2008-12-21', '2023-08-11 04:09:43.583357 +00:00', '2023-08-11 04:09:43.583357 +00:00');
INSERT INTO photos (id, title, filename, location_taken, date_taken, created_at, updated_at) VALUES (111, 'female western bluebird', 'flight_2.jpg', 'Morning Glory Trail - Old Faithful Area, Upper Geyser Basin - Yellowstone, Wyoming', '2008-08-18', '2023-08-11 04:09:43.595318 +00:00', '2023-08-11 04:09:43.595318 +00:00');
INSERT INTO photos (id, title, filename, location_taken, date_taken, created_at, updated_at) VALUES (112, 'female western bluebird', 'flight.jpg', 'Morning Glory Trail - Old Faithful Area, Upper Geyser Basin - Yellowstone, Wyoming', '2008-08-18', '2023-08-11 04:09:43.606703 +00:00', '2023-08-11 04:09:43.606703 +00:00');
INSERT INTO photos (id, title, filename, location_taken, date_taken, created_at, updated_at) VALUES (113, 'perch', 'perch.jpg', 'Snake River Overlook, Hoback Junction, Wyoming', '2008-08-17', '2023-08-11 04:09:43.619785 +00:00', '2023-08-11 04:09:43.619785 +00:00');
INSERT INTO photos (id, title, filename, location_taken, date_taken, created_at, updated_at) VALUES (114, 'circlet', 'circlet.jpg', 'deer creek heights, wyoming', '2017-08-21', '2023-08-11 04:09:43.632497 +00:00', '2023-08-11 04:09:43.632497 +00:00');
INSERT INTO photos (id, title, filename, location_taken, date_taken, created_at, updated_at) VALUES (115, 'moose and tetons', 'america_moose.jpg', 'Jackson, Wyoming', '2015-12-28', '2023-08-11 04:09:43.644032 +00:00', '2023-08-11 04:09:43.644032 +00:00');
INSERT INTO photos (id, title, filename, location_taken, date_taken, created_at, updated_at) VALUES (116, 'mjolnir', 'thor_s_hammer.jpg', 'Sunset Trail near Queen''s Garden, Bryce Canyon National Park, Utah', '2014-03-14', '2023-08-11 04:09:43.656776 +00:00', '2023-08-11 04:09:43.656776 +00:00');
INSERT INTO photos (id, title, filename, location_taken, date_taken, created_at, updated_at) VALUES (117, 'on jackson lake', 'jackson_lake.jpg', 'Jackson Lake, Grand Teton National Park, Wyoming', '2013-07-02', '2023-08-11 04:09:43.670672 +00:00', '2023-08-11 04:09:43.670672 +00:00');
INSERT INTO photos (id, title, filename, location_taken, date_taken, created_at, updated_at) VALUES (118, 'time traveller', 'time_traveller.jpg', 'Ashburn, Virginia', '2013-06-08', '2023-08-11 04:09:43.682982 +00:00', '2023-08-11 04:09:43.682982 +00:00');
INSERT INTO photos (id, title, filename, location_taken, date_taken, created_at, updated_at) VALUES (119, 'a home with a view', 'a_home_with_a_view.jpg', 'Teton Village, Wyoming', '2012-07-11', '2023-08-11 04:09:43.695152 +00:00', '2023-08-11 04:09:43.695152 +00:00');
INSERT INTO photos (id, title, filename, location_taken, date_taken, created_at, updated_at) VALUES (120, 'seal on the rocks', 'seal.jpg', 'La Jolla, California', '2010-12-23', '2023-08-11 04:09:43.708192 +00:00', '2023-08-11 04:09:43.708192 +00:00');
INSERT INTO photos (id, title, filename, location_taken, date_taken, created_at, updated_at) VALUES (121, 'patio', 'under.jpg', 'Lyons, Colorado', '2010-06-27', '2023-08-11 04:09:43.720477 +00:00', '2023-08-11 04:09:43.720477 +00:00');
INSERT INTO photos (id, title, filename, location_taken, date_taken, created_at, updated_at) VALUES (122, 'solitary western monk''s hood', 'western_monk_s_hood.jpg', 'Laurance S Rockefeller Preserve, Grand Teton National Park, Wyoming', '2009-08-25', '2023-08-11 04:09:43.732429 +00:00', '2023-08-11 04:09:43.732429 +00:00');
INSERT INTO photos (id, title, filename, location_taken, date_taken, created_at, updated_at) VALUES (123, 'eclipse', 'eclipse.jpg', 'deer creek heights, wyoming', '2017-08-21', '2023-08-11 04:09:43.744921 +00:00', '2023-08-11 04:09:43.744921 +00:00');


INSERT INTO photo_categories (photo_id, category_id, display_order) VALUES (1, 2, 1);
INSERT INTO photo_categories (photo_id, category_id, display_order) VALUES (2, 2, 2);
INSERT INTO photo_categories (photo_id, category_id, display_order) VALUES (3, 3, 1);
INSERT INTO photo_categories (photo_id, category_id, display_order) VALUES (4, 3, 2);
INSERT INTO photo_categories (photo_id, category_id, display_order) VALUES (5, 3, 3);
INSERT INTO photo_categories (photo_id, category_id, display_order) VALUES (6, 3, 4);
INSERT INTO photo_categories (photo_id, category_id, display_order) VALUES (7, 3, 5);
INSERT INTO photo_categories (photo_id, category_id, display_order) VALUES (8, 3, 11);
INSERT INTO photo_categories (photo_id, category_id, display_order) VALUES (9, 3, 10);
INSERT INTO photo_categories (photo_id, category_id, display_order) VALUES (10, 3, 9);
INSERT INTO photo_categories (photo_id, category_id, display_order) VALUES (11, 3, 8);
INSERT INTO photo_categories (photo_id, category_id, display_order) VALUES (12, 3, 7);
INSERT INTO photo_categories (photo_id, category_id, display_order) VALUES (13, 3, 6);
INSERT INTO photo_categories (photo_id, category_id, display_order) VALUES (14, 4, 7);
INSERT INTO photo_categories (photo_id, category_id, display_order) VALUES (15, 4, 6);
INSERT INTO photo_categories (photo_id, category_id, display_order) VALUES (16, 4, 5);
INSERT INTO photo_categories (photo_id, category_id, display_order) VALUES (17, 4, 4);
INSERT INTO photo_categories (photo_id, category_id, display_order) VALUES (18, 4, 3);
INSERT INTO photo_categories (photo_id, category_id, display_order) VALUES (19, 4, 2);
INSERT INTO photo_categories (photo_id, category_id, display_order) VALUES (20, 4, 1);
INSERT INTO photo_categories (photo_id, category_id, display_order) VALUES (21, 5, 8);
INSERT INTO photo_categories (photo_id, category_id, display_order) VALUES (22, 5, 7);
INSERT INTO photo_categories (photo_id, category_id, display_order) VALUES (23, 5, 6);
INSERT INTO photo_categories (photo_id, category_id, display_order) VALUES (24, 5, 5);
INSERT INTO photo_categories (photo_id, category_id, display_order) VALUES (25, 5, 4);
INSERT INTO photo_categories (photo_id, category_id, display_order) VALUES (26, 5, 3);
INSERT INTO photo_categories (photo_id, category_id, display_order) VALUES (27, 5, 2);
INSERT INTO photo_categories (photo_id, category_id, display_order) VALUES (28, 5, 1);
INSERT INTO photo_categories (photo_id, category_id, display_order) VALUES (29, 5, 9);
INSERT INTO photo_categories (photo_id, category_id, display_order) VALUES (30, 5, 10);
INSERT INTO photo_categories (photo_id, category_id, display_order) VALUES (31, 5, 12);
INSERT INTO photo_categories (photo_id, category_id, display_order) VALUES (32, 5, 32);
INSERT INTO photo_categories (photo_id, category_id, display_order) VALUES (33, 5, 31);
INSERT INTO photo_categories (photo_id, category_id, display_order) VALUES (34, 5, 30);
INSERT INTO photo_categories (photo_id, category_id, display_order) VALUES (35, 5, 29);
INSERT INTO photo_categories (photo_id, category_id, display_order) VALUES (36, 5, 28);
INSERT INTO photo_categories (photo_id, category_id, display_order) VALUES (37, 5, 27);
INSERT INTO photo_categories (photo_id, category_id, display_order) VALUES (38, 5, 26);
INSERT INTO photo_categories (photo_id, category_id, display_order) VALUES (39, 5, 25);
INSERT INTO photo_categories (photo_id, category_id, display_order) VALUES (40, 5, 24);
INSERT INTO photo_categories (photo_id, category_id, display_order) VALUES (41, 5, 23);
INSERT INTO photo_categories (photo_id, category_id, display_order) VALUES (42, 5, 22);
INSERT INTO photo_categories (photo_id, category_id, display_order) VALUES (43, 5, 21);
INSERT INTO photo_categories (photo_id, category_id, display_order) VALUES (44, 5, 20);
INSERT INTO photo_categories (photo_id, category_id, display_order) VALUES (45, 5, 19);
INSERT INTO photo_categories (photo_id, category_id, display_order) VALUES (46, 5, 18);
INSERT INTO photo_categories (photo_id, category_id, display_order) VALUES (47, 5, 17);
INSERT INTO photo_categories (photo_id, category_id, display_order) VALUES (48, 5, 16);
INSERT INTO photo_categories (photo_id, category_id, display_order) VALUES (49, 5, 15);
INSERT INTO photo_categories (photo_id, category_id, display_order) VALUES (50, 5, 14);
INSERT INTO photo_categories (photo_id, category_id, display_order) VALUES (51, 5, 13);
INSERT INTO photo_categories (photo_id, category_id, display_order) VALUES (52, 5, 11);
INSERT INTO photo_categories (photo_id, category_id, display_order) VALUES (53, 6, 7);
INSERT INTO photo_categories (photo_id, category_id, display_order) VALUES (54, 6, 6);
INSERT INTO photo_categories (photo_id, category_id, display_order) VALUES (55, 6, 5);
INSERT INTO photo_categories (photo_id, category_id, display_order) VALUES (56, 6, 4);
INSERT INTO photo_categories (photo_id, category_id, display_order) VALUES (57, 6, 3);
INSERT INTO photo_categories (photo_id, category_id, display_order) VALUES (58, 6, 2);
INSERT INTO photo_categories (photo_id, category_id, display_order) VALUES (59, 6, 1);
INSERT INTO photo_categories (photo_id, category_id, display_order) VALUES (60, 7, 2);
INSERT INTO photo_categories (photo_id, category_id, display_order) VALUES (61, 7, 36);
INSERT INTO photo_categories (photo_id, category_id, display_order) VALUES (62, 7, 34);
INSERT INTO photo_categories (photo_id, category_id, display_order) VALUES (63, 7, 3);
INSERT INTO photo_categories (photo_id, category_id, display_order) VALUES (64, 7, 1);
INSERT INTO photo_categories (photo_id, category_id, display_order) VALUES (65, 7, 31);
INSERT INTO photo_categories (photo_id, category_id, display_order) VALUES (66, 7, 30);
INSERT INTO photo_categories (photo_id, category_id, display_order) VALUES (67, 7, 29);
INSERT INTO photo_categories (photo_id, category_id, display_order) VALUES (68, 7, 28);
INSERT INTO photo_categories (photo_id, category_id, display_order) VALUES (69, 7, 27);
INSERT INTO photo_categories (photo_id, category_id, display_order) VALUES (70, 7, 26);
INSERT INTO photo_categories (photo_id, category_id, display_order) VALUES (71, 7, 25);
INSERT INTO photo_categories (photo_id, category_id, display_order) VALUES (72, 7, 24);
INSERT INTO photo_categories (photo_id, category_id, display_order) VALUES (73, 7, 23);
INSERT INTO photo_categories (photo_id, category_id, display_order) VALUES (74, 7, 22);
INSERT INTO photo_categories (photo_id, category_id, display_order) VALUES (75, 7, 21);
INSERT INTO photo_categories (photo_id, category_id, display_order) VALUES (76, 7, 20);
INSERT INTO photo_categories (photo_id, category_id, display_order) VALUES (77, 7, 19);
INSERT INTO photo_categories (photo_id, category_id, display_order) VALUES (78, 7, 18);
INSERT INTO photo_categories (photo_id, category_id, display_order) VALUES (79, 7, 17);
INSERT INTO photo_categories (photo_id, category_id, display_order) VALUES (80, 7, 16);
INSERT INTO photo_categories (photo_id, category_id, display_order) VALUES (81, 7, 15);
INSERT INTO photo_categories (photo_id, category_id, display_order) VALUES (82, 7, 14);
INSERT INTO photo_categories (photo_id, category_id, display_order) VALUES (83, 7, 13);
INSERT INTO photo_categories (photo_id, category_id, display_order) VALUES (84, 7, 12);
INSERT INTO photo_categories (photo_id, category_id, display_order) VALUES (85, 7, 11);
INSERT INTO photo_categories (photo_id, category_id, display_order) VALUES (86, 7, 10);
INSERT INTO photo_categories (photo_id, category_id, display_order) VALUES (87, 7, 9);
INSERT INTO photo_categories (photo_id, category_id, display_order) VALUES (88, 7, 8);
INSERT INTO photo_categories (photo_id, category_id, display_order) VALUES (89, 7, 7);
INSERT INTO photo_categories (photo_id, category_id, display_order) VALUES (90, 7, 6);
INSERT INTO photo_categories (photo_id, category_id, display_order) VALUES (91, 7, 5);
INSERT INTO photo_categories (photo_id, category_id, display_order) VALUES (92, 7, 32);
INSERT INTO photo_categories (photo_id, category_id, display_order) VALUES (93, 7, 4);
INSERT INTO photo_categories (photo_id, category_id, display_order) VALUES (94, 7, 33);
INSERT INTO photo_categories (photo_id, category_id, display_order) VALUES (95, 7, 35);
INSERT INTO photo_categories (photo_id, category_id, display_order) VALUES (96, 8, 18);
INSERT INTO photo_categories (photo_id, category_id, display_order) VALUES (97, 8, 17);
INSERT INTO photo_categories (photo_id, category_id, display_order) VALUES (98, 8, 16);
INSERT INTO photo_categories (photo_id, category_id, display_order) VALUES (99, 8, 15);
INSERT INTO photo_categories (photo_id, category_id, display_order) VALUES (100, 8, 14);
INSERT INTO photo_categories (photo_id, category_id, display_order) VALUES (101, 8, 13);
INSERT INTO photo_categories (photo_id, category_id, display_order) VALUES (102, 8, 12);
INSERT INTO photo_categories (photo_id, category_id, display_order) VALUES (103, 8, 11);
INSERT INTO photo_categories (photo_id, category_id, display_order) VALUES (104, 8, 10);
INSERT INTO photo_categories (photo_id, category_id, display_order) VALUES (105, 8, 9);
INSERT INTO photo_categories (photo_id, category_id, display_order) VALUES (106, 8, 8);
INSERT INTO photo_categories (photo_id, category_id, display_order) VALUES (107, 8, 7);
INSERT INTO photo_categories (photo_id, category_id, display_order) VALUES (108, 8, 6);
INSERT INTO photo_categories (photo_id, category_id, display_order) VALUES (109, 8, 5);
INSERT INTO photo_categories (photo_id, category_id, display_order) VALUES (110, 8, 4);
INSERT INTO photo_categories (photo_id, category_id, display_order) VALUES (111, 8, 3);
INSERT INTO photo_categories (photo_id, category_id, display_order) VALUES (112, 8, 2);
INSERT INTO photo_categories (photo_id, category_id, display_order) VALUES (113, 8, 1);
INSERT INTO photo_categories (photo_id, category_id, display_order) VALUES (114, 1, 9);
INSERT INTO photo_categories (photo_id, category_id, display_order) VALUES (115, 1, 8);
INSERT INTO photo_categories (photo_id, category_id, display_order) VALUES (116, 1, 7);
INSERT INTO photo_categories (photo_id, category_id, display_order) VALUES (117, 1, 6);
INSERT INTO photo_categories (photo_id, category_id, display_order) VALUES (118, 1, 5);
INSERT INTO photo_categories (photo_id, category_id, display_order) VALUES (119, 1, 4);
INSERT INTO photo_categories (photo_id, category_id, display_order) VALUES (120, 1, 3);
INSERT INTO photo_categories (photo_id, category_id, display_order) VALUES (121, 1, 2);
INSERT INTO photo_categories (photo_id, category_id, display_order) VALUES (122, 1, 1);
INSERT INTO photo_categories (photo_id, category_id, display_order) VALUES (123, 1, 10);
